{"stats":{"minecraft:custom":{"minecraft:time_since_rest":6321,"minecraft:crouch_one_cm":916,"minecraft:sprint_one_cm":5251,"minecraft:play_time":6321,"minecraft:walk_one_cm":32638,"minecraft:sneak_time":278,"minecraft:mob_kills":3,"minecraft:jump":94,"minecraft:damage_dealt":310,"minecraft:leave_game":2,"minecraft:time_since_death":6321,"minecraft:total_world_time":6321,"minecraft:interact_with_crafting_table":4,"minecraft:fall_one_cm":627,"minecraft:fly_one_cm":15768},"minecraft:crafted":{"minecraft:stone_sword":1,"minecraft:oak_planks":8,"minecraft:birch_planks":8,"minecraft:stone_axe":1,"minecraft:crafting_table":1,"minecraft:stick":8,"minecraft:wooden_pickaxe":1},"minecraft:mined":{"minecraft:short_grass":3,"minecraft:grass_block":3,"minecraft:oak_log":8,"minecraft:dirt":2,"minecraft:birch_log":2,"minecraft:stone":12},"minecraft:picked_up":{"minecraft:birch_log":2,"minecraft:porkchop":6,"minecraft:oak_log":8,"minecraft:dirt":5,"minecraft:cobblestone":12},"minecraft:killed":{"minecraft:pig":3},"minecraft:used":{"minecraft:stone_axe":10,"minecraft:crafting_table":1,"minecraft:birch_planks":2,"minecraft:wooden_pickaxe":17}},"DataVersion":3953}