{"stats":{"minecraft:used":{"alexsmobs:animal_dictionary":1,"minecraft:dirt":2},"minecraft:mined":{"minecraft:grass_block":2},"minecraft:custom":{"minecraft:jump":5,"minecraft:time_since_rest":6927,"minecraft:leave_game":1,"minecraft:damage_taken":20,"minecraft:play_time":6927,"minecraft:time_since_death":6927,"minecraft:walk_one_cm":2221,"minecraft:sneak_time":520,"minecraft:total_world_time":6927,"minecraft:fall_one_cm":482,"minecraft:fly_one_cm":142869},"minecraft:picked_up":{"minecraft:dirt":2}},"DataVersion":3465}