{
  "supplementaries:recipes/flower_box": {
    "criteria": {
      "has_dirt": "2024-07-14 03:59:13 +0000"
    },
    "done": true
  },
  "alexsmobs:alexsmobs/root": {
    "criteria": {
      "useitem": "2024-07-14 03:58:58 +0000"
    },
    "done": true
  },
  "minecraft:recipes/decorations/crafting_table": {
    "criteria": {
      "unlock_right_away": "2024-07-14 03:58:45 +0000"
    },
    "done": true
  },
  "minecraft:husbandry/root": {
    "criteria": {
      "consumed_item": "2024-07-14 03:58:58 +0000"
    },
    "done": true
  },
  "farmersdelight:main/root": {
    "criteria": {
      "seeds": "2024-07-14 03:58:44 +0000"
    },
    "done": true
  },
  "minecraft:adventure/adventuring_time": {
    "criteria": {
      "minecraft:taiga": "2024-07-14 04:02:59 +0000",
      "minecraft:beach": "2024-07-14 04:03:10 +0000",
      "minecraft:river": "2024-07-14 04:03:05 +0000",
      "minecraft:cold_ocean": "2024-07-14 04:03:40 +0000",
      "minecraft:forest": "2024-07-14 03:58:45 +0000",
      "minecraft:lush_caves": "2024-07-14 04:03:19 +0000"
    },
    "done": false
  },
  "DataVersion": 3465
}